case_id,court,court_level,jurisdiction,date_filed,common_arm,caption,docket,opinion_id
cl_2014_ca2_city_of_pontiac_v._ubs_ag,ca2,circuit,federal,2014-05-06,pre_cutoff,City of Pontiac v. UBS AG,,2672668
cl_2014_ca2_sec_v._contorinis,ca2,circuit,federal,2014-02-18,pre_cutoff,SEC v. Contorinis,,2653524
cl_2014_ca9_john_loos_v._immersion_corporation,ca9,circuit,federal,2014-09-11,pre_cutoff,John Loos v. Immersion Corporation,12-15100,2732606
cl_2015_ca2_in_re_kingate_management_limited_li,ca2,circuit,federal,2015-04-23,pre_cutoff,In Re Kingate Management Limited Litigation,,2796072
cl_2015_ca2_united_states_v._parse,ca2,circuit,federal,2015-06-08,pre_cutoff,United States v. Parse,13-1388,2806196
cl_2015_ca5_state_of_texas_v._usa,ca5,circuit,federal,2015-11-25,pre_cutoff,State of Texas v. USA,15-40238,3158356
cl_2015_ca9_northstar_financial_advisors_v._sch,ca9,circuit,federal,2015-04-28,pre_cutoff,Northstar Financial Advisors v. Schwab Investments,11-17187,2796987
cl_2015_ca9_steve_harris_v._amgen_inc.,ca9,circuit,federal,2015-05-26,pre_cutoff,"Steve Harris v. Amgen, Inc.",10-56014,2803327
cl_2016_ca2_credit_suisse_secs._llc_v._tracy,ca2,circuit,federal,2016-01-28,pre_cutoff,Credit Suisse Secs. LLC v. Tracy,,3172981
cl_2018_ca9_jaclyn_santomenno_v._transamerica_l,ca9,circuit,federal,2018-02-23,pre_cutoff,Jaclyn Santomenno v. Transamerica Life Ins. Co.,16-56418,4247922
cl_2018_ca9_united_states_v._jonathan_turner,ca9,circuit,federal,2018-07-27,pre_cutoff,United States v. Jonathan Turner,14-50238,4298613
cl_2018_ca9_ussec_v._e._andrew_schooler,ca9,circuit,federal,2018-09-26,pre_cutoff,Ussec v. E. Andrew Schooler,16-55167,4315622
cl_2018_cadc_phh_corporation_v._cfpb,cadc,circuit,federal,2018-01-31,pre_cutoff,PHH Corp. v. Consumer Financial Protection Bureau,15-1177,4240801
cl_2019_ca3_jennifer_sweda_v._university_of_pen,ca3,circuit,federal,2019-05-02,pre_cutoff,Jennifer Sweda v. University of Pennsylvania,17-3244,4393425
cl_2019_ca9_alexander_acosta_v._city_national_c,ca9,circuit,federal,2019-04-23,pre_cutoff,Alexander Acosta v. City National Corporation,17-55421,4389750
cl_2019_ca9_the_depot_inc._v._caring_for_montan,ca9,circuit,federal,2019-02-06,pre_cutoff,"The Depot, Inc. v. Caring for Montanans, Inc.",17-35597,4365100
cl_2019_ca9_ussec_v._hui_feng,ca9,circuit,federal,2019-08-23,pre_cutoff,Ussec v. Hui Feng,17-56522,4432768
cl_2019_cadc_donald_trump_v._mazars_usa_llp,cadc,circuit,federal,2019-10-11,pre_cutoff,"Donald Trump v. Mazars USA, LLP",19-5142,4446190
cl_2019_cadc_the_robare_group_ltd._v._sec,cadc,circuit,federal,2019-04-30,pre_cutoff,"The Robare Group, LTD. v. SEC",16-1453,4392041
cl_2020_ca11_united_states_v._gerti_muho,ca11,circuit,federal,2020-10-22,pre_cutoff,United States v. Gerti Muho,18-11248,4579841
cl_2020_ca2_abm_indus._groups_llc_v._intl_union,ca2,circuit,federal,2020-07-29,pre_cutoff,"ABM Indus. Groups, LLC v. Int'l Union of Operating Eng'rs",19-2755,4551703
cl_2020_ca2_gonnella_v._securities_and_exchange,ca2,circuit,federal,2020-04-02,pre_cutoff,Gonnella v. Securities and Exchange Commission,16-3433,4521726
cl_2020_ca2_rubenstein_v._intl_value_advisers_l,ca2,circuit,federal,2020-05-20,pre_cutoff,"Rubenstein v. Int'l Value Advisers, LLC",19-560,4535445
cl_2020_ca2_united_states_v._kosinski,ca2,circuit,federal,2020-09-22,pre_cutoff,United States v. Kosinski,18-3065,4567635
cl_2020_ca2_xy_planning_network_llc_v._sec,ca2,circuit,federal,2020-06-26,pre_cutoff,"XY Planning Network, LLC v. SEC",19-2886,4544694
cl_2020_ca3_jaroslawicz_v._mt_bank_corp,ca3,circuit,federal,2020-06-18,pre_cutoff,Jaroslawicz v. M&T Bank Corp,,4542452
cl_2020_ca3_jeffrey_norman_v._david_elkin,ca3,circuit,federal,2020-05-29,pre_cutoff,Jeffrey Norman v. David Elkin,19-2294,4537784
cl_2020_ca3_united_states_v._steven_fishoff,ca3,circuit,federal,2020-01-30,pre_cutoff,United States v. Steven Fishoff,18-3549,4503055
cl_2020_ca5_jeffery_schweitzer_v._investment_co,ca5,circuit,federal,2020-05-22,pre_cutoff,Jeffery Schweitzer v. Investment Committee,18-20379,4536393
cl_2020_ca6_nancy_goodman_v._j.p._morgan_invest,ca6,circuit,federal,2020-03-30,pre_cutoff,Nancy Goodman v. J.P. Morgan Investment Mgmt.,18-3238,4520784
cl_2020_ca9_dimitri_shivkov_v._artex_risk_solut,ca9,circuit,federal,2020-09-09,pre_cutoff,"Dimitri Shivkov v. Artex Risk Solutions, Inc.",19-16746,4563969
cl_2020_ca9_tamara_moore_v._mars_petcare_us_inc,ca9,circuit,federal,2020-07-28,pre_cutoff,"Tamara Moore v. Mars Petcare US, Inc.",18-15026,4551545
cl_2021_ca2_donna_browe_v._ctc_corp.,ca2,circuit,federal,2021-09-29,pre_cutoff,Donna Browe v. CTC Corp.,,4995538
cl_2021_ca2_in_re_tribune_co._fraudulent_conv._,ca2,circuit,federal,2021-08-20,pre_cutoff,In Re: Tribune Co. Fraudulent Conv. Litig.,19-3049,4794712
cl_2021_ca2_people_of_the_state_of_new_york_v._,ca2,circuit,federal,2021-03-10,pre_cutoff,People of the State of New York v. Griepp,18-2454,4666433
cl_2021_ca2_sacerdote_v._new_york_university,ca2,circuit,federal,2021-08-16,pre_cutoff,Sacerdote v. New York University,18-2707,4766002
cl_2021_ca2_sec_v._fowler,ca2,circuit,federal,2021-07-22,pre_cutoff,SEC v. Fowler,20-1081,4705497
cl_2021_ca2_set_capital_llc_v._credit_suisse_gr,ca2,circuit,federal,2021-04-27,pre_cutoff,Set Capital LLC v. Credit Suisse Group AG,19-3466,4681207
cl_2021_ca2_united_states_v._reichberg,ca2,circuit,federal,2021-07-15,pre_cutoff,United States v. Reichberg,19-1645,4703701
cl_2021_ca9_state_of_rhode_island_v._alphabet_i,ca9,circuit,federal,2021-06-16,pre_cutoff,"State of Rhode Island v. Alphabet, Inc.",20-15638,4696088
cl_2021_ca9_united_states_v._benjamin_koziol,ca9,circuit,federal,2021-04-13,pre_cutoff,United States v. Benjamin Koziol,19-50018,4676819
cl_2022_ca2_cantero_v._bank_of_am._n.a.,ca2,circuit,federal,2022-09-15,pre_cutoff,"Cantero v. Bank of Am., N.A.","21-400, 21-403",8206621
cl_2022_ca2_exxon_mobil_v._healey,ca2,circuit,federal,2022-03-15,pre_cutoff,Exxon Mobil v. Healey,18-1170,6323334
cl_2022_ca2_haley_v._tiaa,ca2,circuit,federal,2022-12-01,pre_cutoff,Haley v. TIAA,21-805,9297747
cl_2022_ca2_united_states_v._blaszczak,ca2,circuit,federal,2022-12-27,pre_cutoff,United States v. Blaszczak,"18-2811, 18-2825, 18-2867, 18-2878",9350522
cl_2022_ca7_andrew_albert_v._oshkosh_corporatio,ca7,circuit,federal,2022-08-29,pre_cutoff,Andrew Albert v. Oshkosh Corporation,,7804572
cl_2022_ca7_diane_burke_v._the_boeing_company,ca7,circuit,federal,2022-08-01,pre_cutoff,Diane Burke v. The Boeing Company,20-3389,7796890
cl_2022_ca7_walter_dean_v._national_production_,ca7,circuit,federal,2022-08-15,pre_cutoff,Walter Dean v. National Production Workers Un,21-1872,7800721
cl_2022_ca9_lenai_mull_v._motion_picture_indust,ca9,circuit,federal,2022-07-25,pre_cutoff,Lenai Mull v. Motion Picture Industry Health,20-56315,7275447
cl_2023_ca2_ark._tchr._ret._sys._v._goldman_sac,ca2,circuit,federal,2023-08-10,pre_cutoff,"Ark. Tchr. Ret. Sys. v. Goldman Sachs Grp., Inc.",22-484,9554880
cl_2023_ca2_cunningham_v._cornell_university,ca2,circuit,federal,2023-11-14,pre_cutoff,Cunningham v. Cornell University,,9896745
cl_2023_ca2_in_re_nine_west_lbo_sec._litig.,ca2,circuit,federal,2023-11-27,pre_cutoff,In Re: Nine West LBO SEC. Litig.,20-3257,9903710
cl_2023_ca2_kirschner_v._jp_morgan_chase_bank_n,ca2,circuit,federal,2023-08-24,pre_cutoff,"Kirschner v. JP Morgan Chase Bank, N.A.",21-2726,9685739
cl_2023_ca2_new_england_carpenters_guaranteed_a,ca2,circuit,federal,2023-08-23,pre_cutoff,New England Carpenters Guaranteed Annuity and Pension Funds v. AmTrust,20-1643,9649554
cl_2023_ca2_pauwels_v._deloitte_llp,ca2,circuit,federal,2023-10-06,pre_cutoff,Pauwels v. Deloitte LLP,,9885809
cl_2023_ca2_sec_v._ahmed,ca2,circuit,federal,2023-06-28,pre_cutoff,SEC v. Ahmed,"21-1686, 21-1712",9405432
cl_2023_ca3_marlow_henry_v._wilmington_trust_na,ca3,circuit,federal,2023-06-30,pre_cutoff,Marlow Henry v. Wilmington Trust NA,21-2801,9406296
cl_2023_ca4_benjamin_reetz_v._aon_hewitt_invest,ca4,circuit,federal,2023-07-17,pre_cutoff,"Benjamin Reetz v. Aon Hewitt Investment Consulting, Inc.",21-2267,9409640
cl_2023_ca4_sec_v._christopher_clark,ca4,circuit,federal,2023-02-23,pre_cutoff,SEC v. Christopher Clark,22-1157,9375095
cl_2023_ca9_amalgamated_bank_v._facebook_inc.,ca9,circuit,federal,2023-10-18,pre_cutoff,"Amalgamated Bank v. Facebook, Inc.",22-15077,9891455
cl_2023_ca9_julie_su_v._brian_bowers,ca9,circuit,federal,2023-10-25,pre_cutoff,Julie Su v. Brian Bowers,22-15378,9892953
cl_2024_ca2_new_england_carpenters_guaranteed_a,ca2,circuit,federal,2024-10-31,pre_cutoff,New England Carpenters Guaranteed Annuity and Pension Funds v. AmTrust,20-1643,10638414
cl_2024_ca2_packer_v._raging_capital_management,ca2,circuit,federal,2024-06-24,pre_cutoff,"Packer v. Raging Capital Management, LLC",23-367,10233600
cl_2024_ca2_peterson_v._bank_markazi,ca2,circuit,federal,2024-11-13,pre_cutoff,Peterson v. Bank Markazi,15-690,10739645
cl_2024_ca2_sec_v._rashid,ca2,circuit,federal,2024-03-13,pre_cutoff,SEC v. Rashid,20-4080,9950137
cl_2024_ca2_trustees_of_the_nysnapp_v._white_oa,ca2,circuit,federal,2024-05-21,pre_cutoff,Trustees of the NYSNAPP v. White Oak Glob. Adv.,22-1783,9972497
cl_2024_ca3_sec_v._dale_chappell,ca3,circuit,federal,2024-07-01,pre_cutoff,SEC v. Dale Chappell,23-2776,
cl_2024_ca9_julie_su_v._brian_bowers,ca9,circuit,federal,2024-07-01,pre_cutoff,Julie Su v. Brian Bowers,22-15378,
cl_2024_ca9_renaldo_white_v._symetra_assigned_b,ca9,circuit,federal,2024-07-01,pre_cutoff,Renaldo White v. Symetra Assigned Benefits Service Company,22-35748,
cl_2024_cadc_an_opinion_was_released_in_case_24-,cadc,circuit,federal,2024-07-01,pre_cutoff,"An opinion was released in case 24-1113, TikTok Inc. v. Merrick Garland",24-1113,
cl_2025_ca11_united_states_v._ephren_taylor_ii,ca11,circuit,federal,2025-07-01,ambiguous,"United States v. Ephren Taylor, II",20-11238,
cl_2025_ca1_securities_and_exchange_commission_,ca1,circuit,federal,2025-07-01,ambiguous,"Securities and Exchange Commission v. Commonwealth Equity Services, LLC",24-1427,
cl_2025_ca2_collins_v._ne._grocery_llc,ca2,circuit,federal,2025-07-01,ambiguous,"Collins v. Ne. Grocery, LLC",24-2339,
cl_2025_ca2_in_re_shanda_games_ltd._sec._litig.,ca2,circuit,federal,2025-07-01,ambiguous,In Re Shanda Games Ltd. SEC. Litig.,22-3076,
cl_2025_ca2_natl_rifle_assn_of_am._v._vullo,ca2,circuit,federal,2025-07-01,ambiguous,Nat'l Rifle Ass'n of Am. v. Vullo,21-0636,
cl_2025_ca2_united_states_v._phillips,ca2,circuit,federal,2025-07-01,ambiguous,United States v. Phillips,24-1908,
cl_2025_ca3_nra_group_llc_v._nicole_durenleau,ca3,circuit,federal,2025-07-01,ambiguous,NRA Group LLC v. Nicole Durenleau,24-1123,
cl_2025_ca9_united_states_v._rice,ca9,circuit,federal,2025-07-01,ambiguous,United States v. Rice,23-2282,
cl_2025_ca9_winston_anderson_v._intel_corporati,ca9,circuit,federal,2025-07-01,ambiguous,Winston Anderson v. Intel Corporation Investment Policy Committee,22-16268,
cl_2025_cadc_robert_goodrich_v._bank_of_america_,cadc,circuit,federal,2025-07-01,ambiguous,Robert Goodrich v. Bank of America N.A.,24-7025,
cl_2026_ca10_scottsdale_capital_advisors_v_ussec,ca10,circuit,federal,2026-07-31,post_cutoff,Scottsdale Capital Advisors v. USSEC,25-4000,11405293
cl_2026_ca11_ann_johnson_v_russell_investments_trust_compan,ca11,circuit,federal,2026-08-17,post_cutoff,Ann Johnson v. Russell Investments Trust Company,25-10692,11419592
cl_2026_ca11_citadel_securities_llc_v_u_s_securities_and_ex,ca11,circuit,federal,2026-05-29,post_cutoff,Citadel Securities LLC v. U.S. Securities and Exchange Commission,25-13631,11333808
cl_2026_ca11_luis_manuel_rodriguez_v_imperial_brands_plc,ca11,circuit,federal,2026-07-23,post_cutoff,"Luis Manuel Rodriguez v. Imperial Brands, PLC.",24-11487,11401808
cl_2026_ca11_u.s._securities_and_exchange_commis,ca11,circuit,federal,2026-07-01,post_cutoff,"U.S. Securities and Exchange Commission v. Spartan Securities Group, LTD",22-13129,
cl_2026_ca11_william_drummond_v_southern_company_services_i,ca11,circuit,federal,2026-05-26,post_cutoff,"William Drummond v. Southern Company Services, Inc.",24-12773,11331700
cl_2026_ca1_in_re_apellis_pharm_inc_securities_litigation_,ca1,circuit,federal,2026-08-19,post_cutoff,"In re: Apellis Pharmaceuticals, Inc. Securities Litigation",25-1383,11421444
cl_2026_ca1_premca_extra_income_fund_lp_v_angle,ca1,circuit,federal,2026-06-05,post_cutoff,Premca Extra Income Fund LP v. Angle,25-1192,11338409
cl_2026_ca1_sec_v_gastauer,ca1,circuit,federal,2026-08-19,post_cutoff,SEC v. Gastauer,25-1194,11421442
cl_2026_ca2_fonden_v_fdic,ca2,circuit,federal,2026-08-19,post_cutoff,Fonden v. FDIC,25-720,11421095
cl_2026_ca2_hayden_v_koons,ca2,circuit,federal,2026-07-21,post_cutoff,Hayden v. Koons,25-498,11400881
cl_2026_ca2_huey_v_anavex_life_sciences_corporation,ca2,circuit,federal,2026-06-26,post_cutoff,Huey v. Anavex Life Sciences Corporation,25-1752,11348300
cl_2026_ca2_inc_v_hbc_invs_llc,ca2,circuit,federal,2026-07-07,post_cutoff,20230930-DK-Butterfly-1 Inc. (f/k/a Bed Bath & Beyond Inc.) v. HBC Invs. LLC,25-2728,11384552
cl_2026_ca2_mehrotra_v_u_s_dep_t_of_lab,ca2,circuit,federal,2026-08-11,post_cutoff,Mehrotra v. U.S. Dep't of Lab.,23-7798,11412353
cl_2026_ca2_out_v_calamari,ca2,circuit,federal,2026-07-09,post_cutoff,Out v. Calamari,24-3205,11392542
cl_2026_ca2_sec_v,ca2,circuit,federal,2026-08-06,post_cutoff,SEC v. Rogas,25-35,11408381
cl_2026_ca2_smith_v_the_gap_inc,ca2,circuit,federal,2026-05-28,post_cutoff,"Smith v. the Gap, Inc.",25-1130,11339402
cl_2026_ca2_stinn_v_united_states,ca2,circuit,federal,2026-08-17,post_cutoff,Stinn v. United States,25-293,11419415
cl_2026_ca2_u_s_v,ca2,circuit,federal,2026-06-12,post_cutoff,United States v. Bankman-Fried,24-961,11342531
cl_2026_ca2_united_states_v_greebel,ca2,circuit,federal,2026-07-29,post_cutoff,United States v. Greebel,25-1054,11403690
cl_2026_ca3_in_re_avandia_marketing_v,ca3,circuit,federal,2026-07-21,post_cutoff,"In re: Avandia Marketing, Sales Practices and Products Liability Litigation",25-2278,11400975
cl_2026_ca3_lawanda_house_johnson_v_quest_diagnostics_inc,ca3,circuit,federal,2026-06-22,post_cutoff,Lawanda House Johnson v. Quest Diagnostics Inc,24-2866,11345607
cl_2026_ca3_mark_justman_v_accenture_llp,ca3,circuit,federal,2026-06-17,post_cutoff,Mark Justman v. Accenture LLP,25-2084,11343882
cl_2026_ca3_whittaker_clark_daniels_v,ca3,circuit,federal,2026-04-27,post_cutoff,In re: Whittaker Clark & Daniels Inc (Protopapas v. Official Committee of Talc Claimants),24-2210,11315916
cl_2026_ca4_dmarcian_inc_v_dmarc_advisor_bv,ca4,circuit,federal,2026-07-10,post_cutoff,"Dmarcian, Inc. v. DMARC Advisor BV",23-1790,11394609
cl_2026_ca4_elshan_bayramov_v_american_credit_acceptance,ca4,circuit,federal,2026-08-05,post_cutoff,Elshan Bayramov v. American Credit Acceptance,25-1490,11409070
cl_2026_ca4_elshan_bayramov_v_peritus_portfolio_services,ca4,circuit,federal,2026-08-05,post_cutoff,Elshan Bayramov v. Peritus Portfolio Services,25-1501,11409069
cl_2026_ca4_in_re_the_boeing_company,ca4,circuit,federal,2026-07-20,post_cutoff,In re: The Boeing Company,25-1492,11401129
cl_2026_ca4_richard_kelly_v_altria_client_services_llc,ca4,circuit,federal,2026-08-10,post_cutoff,"Richard Kelly v. Altria Client Services, LLC",25-1350,11412670
cl_2026_ca4_vapor_technology_association_v_mckinley_wooten,ca4,circuit,federal,2026-07-30,post_cutoff,"Vapor Technology Association v. McKinley Wooten, Jr.",25-1745,11405487
cl_2026_ca5_kipp_flores_v_amh_creekside,ca5,circuit,federal,2026-08-21,post_cutoff,Kipp Flores v. AMH Creekside,23-50750,11422234
cl_2026_ca5_natl_horsemen_s_benevolent_v_black,ca5,circuit,federal,2026-06-11,post_cutoff,Natl Horsemen's Benevolent v. Black,23-10520,11341261
cl_2026_ca5_texas_tobacco_barn_v_hhs,ca5,circuit,federal,2026-06-30,post_cutoff,Texas Tobacco Barn v. HHS,25-60200,11350537
cl_2026_ca5_united_states_v_kuyoro,ca5,circuit,federal,2026-05-15,post_cutoff,United States v. Kuyoro,25-20002,11327605
cl_2026_ca6_amanda_martin_v_fed_rsrv_bank_of_cleveland,ca6,circuit,federal,2026-05-07,post_cutoff,Amanda Martin v. Fed. Rsrv. Bank of Cleveland,25-3518,11323312
cl_2026_ca6_eric_smith_v_sec,ca6,circuit,federal,2026-06-16,post_cutoff,Eric Smith v. SEC,24-3907,11343473
cl_2026_ca6_opers_v_fhlmc,ca6,circuit,federal,2026-08-21,post_cutoff,OPERS v. FHLMC,25-3765,11422343
cl_2026_ca7_bruce_rush_v_greatbanc_trust_company,ca7,circuit,federal,2026-07-20,post_cutoff,Bruce Rush v. GreatBanc Trust Company,25-1736,11400485
cl_2026_ca7_frank_william_bonan_ii_v_fdic,ca7,circuit,federal,2026-08-12,post_cutoff,"Frank William Bonan, II v. FDIC",24-3296,11413500
cl_2026_ca7_halil_demir_v_markwayne_mullin,ca7,circuit,federal,2026-08-04,post_cutoff,Halil Demir v. Markwayne Mullin,25-3179,11407155
cl_2026_ca7_sandra_hunter_v_elanco_animal_health_incorpora,ca7,circuit,federal,2026-08-14,post_cutoff,Sandra Hunter v. Elanco Animal Health Incorporated,23-3061,11416094
cl_2026_ca7_united_states_v_anne_pramaggiore,ca7,circuit,federal,2026-06-15,post_cutoff,United States v. Anne Pramaggiore,25-2349,11342737
cl_2026_ca7_united_states_v_michael_mcclain,ca7,circuit,federal,2026-06-15,post_cutoff,United States v. Michael McClain,25-2350,11342736
cl_2026_ca8_everest_stables_inc_v_porter_wright_llp,ca8,circuit,federal,2026-05-14,post_cutoff,"Everest Stables, Inc. v. Porter, Wright LLP",25-1950,11326205
cl_2026_ca8_thomas_matula_jr_v_wells_fargo_company,ca8,circuit,federal,2026-05-12,post_cutoff,"Thomas Matula, Jr. v. Wells Fargo & Company",25-2441,11324933
cl_2026_ca8_united_healthcare_services_inc_v_amerisourcebe,ca8,circuit,federal,2026-07-31,post_cutoff,"United HealthCare Services, Inc. v. AmerisourceBergen Corporation",25-3205,11405285
cl_2026_ca9_crain_walnut_shelling_lp_v_united_states_distr,ca9,circuit,federal,2026-05-07,post_cutoff,"Crain Walnut Shelling, Lp v. United States District Court for the Northern District of California, S",25-5435,11323178
cl_2026_ca9_in_re_koi_design_llc_v_marron_lawyers_apc,ca9,circuit,federal,2026-08-06,post_cutoff,"In Re: Koi Design LLC v. Marron Lawyers, Apc",23-55704,11408430
cl_2026_ca9_phillips_v_goldman,ca9,circuit,federal,2026-05-07,post_cutoff,Phillips v. Goldman,24-2249,11323378
cl_2026_ca9_pover_v_the_capital_group_companies_inc,ca9,circuit,federal,2026-07-30,post_cutoff,"Pover v. the Capital Group Companies, Inc.",24-5298,11404234
cl_2026_ca9_turrey_v_vervent_inc,ca9,circuit,federal,2026-08-12,post_cutoff,"Turrey v. Vervent, Inc.",24-3849,11413456
cl_2026_ca9_united_states_v_kheyre,ca9,circuit,federal,2026-05-20,post_cutoff,United States v. Kheyre,24-7529,11329429
cl_2026_ca9_united_states_v_ridley_thomas,ca9,circuit,federal,2026-08-03,post_cutoff,United States v. Ridley-Thomas,23-2200,11406976
cl_2026_cadc_democracy_partners_llc_v_james_o_keefe,cadc,circuit,federal,2026-08-21,post_cutoff,"Democracy Partners, LLC v. James O'Keefe",25-7080,11422188
cl_2026_cadc_fairholme_funds_inc_v_fhfa,cadc,circuit,federal,2026-07-24,post_cutoff,"Fairholme Funds, Inc v. FHFA",25-5113,11402341
cl_2026_cadc_j_sidak_v_united_states_international_trade_co,cadc,circuit,federal,2026-04-24,post_cutoff,J. Sidak v. United States International Trade Commission,23-5149,11315060
cl_2026_cadc_john_doe_v_sec_public_reissued_opinion,cadc,circuit,federal,2026-05-01,post_cutoff,John Doe v. SEC (PUBLIC REISSUED OPINION),23-1124,11330684
cl_2026_cadc_thrivent_financial_for_lutherans_v_sec,cadc,circuit,federal,2026-07-21,post_cutoff,Thrivent Financial for Lutherans v. SEC,25-1047,11400998
cl_2026_cafc_jacobson_v_united_states,cafc,circuit,federal,2026-06-18,post_cutoff,Jacobson v. United States,24-1990,11344506
